name,password
sahil,jhangar
sahil,jhangar
sahil,jhangar
sahil,jhangar
sahil,jhangar
sahil,jhangar
sahil,jhangar
sahil,jhangar
sahil,jhangar
sahil,jhangar
sahil,jhangar
sahil,jhangar
sahil,jhangar
sahil,jhangar
sahil,jhangar
sahil,jhangar
sahil,jhangar
sahil,jhangar
sahil,jhangar
sahil,jhangar
sahil,jhangar
sahil,jhangar
sahil,jhangar
sahil,jhangar
sahil,jhangar
hihih, dsfkdhngysgdtdfluthnsdhilushwef
dsgfdgfd,hi
dsgfdgfd,hi
hi,hiasdfgkccsfnggfdjhkh
hi,hiasdfgkccsfnggfdjhkh
djhshsj,bsbhjfdfghjfbjjbkjdf
sahil,hihi
,
,
